numero,pergunta,resposta_rag,fontes_recuperadas,avaliacao_manual,observacoes
1,O que significa um edifício Net Zero Energy?,"Um edifício Net Zero Energy é aquele cuja produção de energia renovável atinge o suficiente para suprir toda a sua demanda durante o ano, sem emissões de gases de efeito estufa significativas. Isso implica que, além de gerar energia suficiente através de fontes limpas, o edifício também deve minimizar a utilização de energia elétrica, implementando práticas eficientes de uso energético. (Fonte: GBC Brasil, página 5).",GBC Brasil | Guia Completo GBC Zero Energy | página 5 | arquivo: 01_gbc_zero_energy_guia.pdf || GBC Brasil | Guia Completo GBC Zero Energy | página 10 | arquivo: 01_gbc_zero_energy_guia.pdf,A revisar,
2,Quais estratégias podem ser usadas para reduzir o consumo de energia em edifícios?,"Para reduzir o consumo de energia em edifícios, podem ser utilizadas estratégias como substituir fogões a combustível fóssil por bombas de calor de alta eficiência, que podem reduzir o uso energético em até 75%. Além disso, aumentar tanto a taxa de retroescavadeira na construção civil quanto a cobertura das leis de eficiência energética nos edifícios até 2030 também pode contribuir significativamente para essa redução. (Fonte: IEA, Página 3).",IEA | Energy Efficiency Policy Toolkit 2025 - Buildings | página 3 | arquivo: 08_iea_policy_toolkit_building.pdf || IEA | Energy Efficiency Policy Toolkit 2025 - Buildings | página 2 | arquivo: 08_iea_policy_toolkit_building.pdf,A revisar,
3,Como sistemas fotovoltaicos contribuem para edifícios Net Zero?,"Sistemas fotovoltaicos são uma parte essencial dos esforços para transformar os edifícios em Net Zero. Esses sistemas convertem luz solar diretamente em eletricidade, ajudando a reduzir significativamente as emissões de carbono geradas pela geração de energia elétrica nos edifícios. Ao integrar sistemas fotovoltaicos, os edifícios podem atingir a meta de zero emissões de carbono, conforme proposto pelo GBC Brasil, ao produzir sua própria energia limpa através da energia solar. (Fonte: GBC Brasil, página 5).",GBC Brasil | Guia Completo GBC Zero Energy | página 5 | arquivo: 01_gbc_zero_energy_guia.pdf || GBC Brasil | Guia Completo GBC Zero Energy | página 10 | arquivo: 01_gbc_zero_energy_guia.pdf,A revisar,
4,Quais cuidados devem ser considerados no reúso de águas cinzas em edifícios?,"Cuidados devem ser considerados na instalação e manutenção adequada do sistema de reúso de águas cinzas em edifícios, especialmente quando se trata de sistemas pressurizados de águas cinzas não tratadas, que podem representar um risco à saúde do usuário devido aos aerossóis gerados durante a extração da água cinza. Além disso, é importante garantir padrões de qualidade e seguir critérios de instalação rigorosos para evitar problemas ambientais, como contaminação do solo ou corpos hídricos. (Fonte: ADASA, página 62)",ADASA | Aproveitamento de Águas Pluviais e Reúso de Águas Cinzas | página 55 | arquivo: 09_adasa_reuso_aguas_cinzas.pdf || ADASA | Aproveitamento de Águas Pluviais e Reúso de Águas Cinzas | página 62 | arquivo: 09_adasa_reuso_aguas_cinzas.pdf,A revisar,
5,Quais usos não potáveis podem receber água de reúso em edificações?,"Os usos não potáveis que podem receber água de reúso em edificações são aqueles classificados como categorias 1, 2 ou 3, conforme estabelecido nas categorias de uso não potável propostas. Essa classificação é baseada nos riscos associados à saúde dos usuários e define os parâmetros de qualidade necessários para cada categoria. (Fonte: ADASA, página 34)",ADASA | Aproveitamento de Águas Pluviais e Reúso de Águas Cinzas | página 34 | arquivo: 09_adasa_reuso_aguas_cinzas.pdf || ADASA | Aproveitamento de Águas Pluviais e Reúso de Águas Cinzas | página 12 | arquivo: 09_adasa_reuso_aguas_cinzas.pdf,A revisar,
6,Qual é a importância da desinfecção no tratamento de águas cinzas?,"A desinfecção é crucial no tratamento de águas cinzas, especialmente quando se considera sistemas de uso não potável. Segundo a ADASA (Fonte: ADASA, página 40), sistemas de tratamento de águas cinzas requerem considerações específicas, sendo necessário desinfetar as águas tratadas para todos os usos finais, exceto para irrigação subsuperficial, onde o uso de águas cinzas tratadas sem desinfecção é recomendado. Além disso, DEPARTMENT OF HEALTH (Fonte: ADASA, página 40) indica que a desinfecção através de cloragem por 15 minutos com concentração mínima de 75 mg/L é eficaz na eliminação de mais de 90% de E.",ADASA | Aproveitamento de Águas Pluviais e Reúso de Águas Cinzas | página 40 | arquivo: 09_adasa_reuso_aguas_cinzas.pdf,A revisar,
7,Como certificações ambientais avaliam a eficiência energética de edifícios?,"Certificações ambientais como a GBC Zero Energy avaliam a eficiência energética de edifícios considerando duas categorias principais: Local (On Site) e Fora do Local (Off Site). No caso do Local, se 100% da energia elétrica necessária for gerada por energia renovável no próprio local, o edifício não precisa comprovar nenhuma eficiência energética mínima para obter a certificação. Para isso, basta apresentar um relatório de eficiência energética detalhando as ações implementadas. No entanto, se a energia renovável for comprada ou gerada fora do local, o edifício deve provar sua eficiência energética através de evidências específicas. (Fonte: GBC Brasil, Título: Guia Completo",GBC Brasil | Guia Completo GBC Zero Energy | página 11 | arquivo: 01_gbc_zero_energy_guia.pdf || GBC Brasil | Certificação LEED | página 1 | arquivo: 03_gbc_leed_certificacao.pdf,A revisar,
8,Qual é o papel da manutenção em sistemas de reúso de águas cinzas?,"A manutenção em sistemas de reúso de águas cinzas tem como objetivo garantir a eficiência operacional e a qualidade dos recursos reciclados. Esses sistemas requerem cuidados regulares para evitar problemas de desgaste e infiltrações, mantendo assim a água tratada de alta qualidade disponível para uso não potável em diversos pontos de uso dentro e fora da edificação. (Fonte: ADASA, página 61)",ADASA | Aproveitamento de Águas Pluviais e Reúso de Águas Cinzas | página 61 | arquivo: 09_adasa_reuso_aguas_cinzas.pdf || ADASA | Aproveitamento de Águas Pluviais e Reúso de Águas Cinzas | página 55 | arquivo: 09_adasa_reuso_aguas_cinzas.pdf,A revisar,
9,Como o aproveitamento de águas pluviais pode contribuir para edifícios sustentáveis?,"O aproveitamento de águas pluviais pode contribuir significativamente para edifícios sustentáveis, pois permite a reciclagem de água utilizada anteriormente, reduzindo assim a demanda por água potável. Isso se justifica tanto pelos custos econômicos, já demonstrados em estudos brasileiros, quanto pela melhoria ambiental, através da diminuição dos impactos causados pelo consumo excessivo de recursos hídricos. Além disso, a implementação desses sistemas pode melhorar a eficiência energética dos edifícios, já que a água tratada pode ser usada para aquecimento de água, irrigação de jardins e limpeza interna, substituindo a necessidade de adquiri-la diretamente da rede pública. (Fonte: ADASA,",ADASA | Aproveitamento de Águas Pluviais e Reúso de Águas Cinzas | página 18 | arquivo: 09_adasa_reuso_aguas_cinzas.pdf || ADASA | Aproveitamento de Águas Pluviais e Reúso de Águas Cinzas | página 13 | arquivo: 09_adasa_reuso_aguas_cinzas.pdf,A revisar,
10,Quais informações técnicas são importantes para avaliar a sustentabilidade de um edifício?,"Para avaliar a sustentabilidade de um edifício, informações técnicas importantes incluem a eficiência energética do sistema de aquecimento (como os boilers substituídos por bombas de calor altamente eficientes), a taxa de retroescavadação dos edifícios planejada até 2030, e a cobertura das normas de energia de edifícios aplicadas tanto a novos quanto a edifícios existentes. Além disso, a adoção de regulamentações que visem aumentar a eficiência energética nos edifícios é crucial, pois pode acelerar o crescimento do mercado e facilitar decisões de investimento a longo prazo. (Fonte: IEA, Página 3).",IEA | Energy Efficiency Policy Toolkit 2025 - Buildings | página 2 | arquivo: 08_iea_policy_toolkit_building.pdf || IEA | Energy Efficiency Policy Toolkit 2025 - Buildings | página 3 | arquivo: 08_iea_policy_toolkit_building.pdf,A revisar,
