pergunta,resposta,fontes
Quais cuidados devem ser considerados no reúso de águas cinzas em edifícios?,"system
You are Qwen, created by Alibaba Cloud. You are a helpful assistant.
user
Você é um assistente técnico especializado em edifícios verdes, eficiência energética,
Net Zero Energy, reúso de água, águas cinzas, certificações ambientais e sistemas fotovoltaicos.

Responda à pergunta usando SOMENTE as informações presentes no contexto fornecido.

Regras obrigatórias:
1. Não invente informações.
2. Se a resposta não estiver no contexto, diga: ""Não encontrei informação suficiente no corpus para responder com segurança.""
3. Cite as fontes no corpo da resposta usando o formato: (Fonte: nome da fonte, página X).
4. Seja técnico, objetivo e claro.
5. Organize a resposta em tópicos quando fizer sentido.

CONTEXTO RECUPERADO:

[CHUNK 1]
Fonte: ADASA
Arquivo: 09_adasa_reuso_aguas_cinzas.pdf
Título: Aproveitamento de Águas Pluviais e Reúso de Águas Cinzas
Página: 55
Categoria: manual_tecnico
Subcategoria: agua_reuso

Trecho:
Padrões de qualidade, critérios de instalação e manutenção 
6. Reúso de Águas Cinzas 
O reúso de águas cinzas é um conceito que está relacionado à reutilização de efluentes domésticos 
com baixo grau de contaminação, como uma alternativa conservacionista para a redução do consumo 
de água potável em uma edificação. O reúso de água remonta à Idade do Bronze (3200 – 1100 AC) 
pelo uso de efluentes domésticos em irrigação pelas civilizações Minóica, Mesopotâmica e do Vale 
do Indo (ANGELAKIS e SNYDER, 2015). Historicamente, a reutilização das águas do banho ou da 
lavagem de roupas, está diretamente relacionada ao acesso limitado de água, como Londres do Século 
XVIII (WORSLEY, 2011) ou até mesmo por racionamento, como na segunda guerra mundial (BBC, 
2004). Foi apenas na década de 80, com questões relacionadas a estresse hídrico e sustentabilidade 
que o desenvolvimento tecnológico voltado ao reúso de água cinzas em edificações veio à tona no 
mercado internacional com diferentes alternativas de tratamento do efluente doméstico. 
6.1. Características das águas cinzas 
As águas cinzas apresentam características especificas e isso depende da qualidade da água que é 
fornecida, do tipo da rede de distribuição e das atividades de consumo dos moradores da residência, 
que variam de acordo com os hábitos de cada indivíduo. A reutilização de águas cinzas sem o 
tratamento adequado pode ser prejudicial à saúde dos usuários, uma vez que as águas cinzas contém 
altos índices de fósforo contido em sabões e detergente, cloreto de sódio e fosfatos da urina, sulfatos, 
carbonatos, ureia, amoníaco e ácido úrico, gorduras, restos de carnes e fibras vegetais, areia, plásticos, 
cabelos, unhas, mucos e células epiteliais, vermes, vírus, bactérias, leveduras entre outros. A carga 
orgânica pode favorecer o aumento das colônias de microrganismos decompositores e diminuir o 
nível de oxigênio dissolvido e está presente em concentrações variáveis, dependendo do local de 
coleta, seja banheiro, cozinha ou lavanderia. 
Tabela 12: Características da água distribuída no DF 
Parâmetros Cor 
Turbidez 
Cloro residual Coliformes totais 
E. coli 
Índices 
alcançados 
< 15 UC 
< 5 NTU 
0,2 a 2,0 mg/L 
Ausência em 95% das 
amostras 
Ausência 
Portaria MS 
nº 2914/2011 
15 uH 
Turbidez ≤ 1,0 uT 
≤ 0,4 a 3,0 mg/L 
Ausência em 100 mL 
em 95% das amostras 
examinadas no mês. 
Ausente 
Fonte: CAESB (2016b); BRASIL (2011a) 
Para sua caracterização são utilizados parâmetros físico-químicos e biológicos, que indicarão como 
deve ser realizado o tratamento. O conhecimento dos constituintes químicos determina os limites que 
devem ser recomendados para o uso não potável. Já os microrganismos patógenos que provocam 
riscos à saúde humana são mais difíceis de se quantificar. A presença desses poluentes começa a ser 
quantific



[CHUNK 2]
Fonte: ADASA
Arquivo: 09_adasa_reuso_aguas_cinzas.pdf
Título: Aproveitamento de Águas Pluviais e Reúso de Águas Cinzas
Página: 62
Categoria: manual_tecnico
Subcategoria: agua_reuso

Trecho:
Aproveitamento de águas pluviais e reúso de águas cinzas em edificações 
6.2.4. Análise de risco 
A prática do tonel & balde é considerado, pelo governo australiano de baixo riso, pois a água cinza 
acumulada da máquina de lavar roupas apresenta pequenas quantidades de contaminantes, e seu 
pequeno volume, acumulado apenas por um dia, não representa riso ao meio ambiente pela 
contaminação do solo ou corpos hídricos (NSW, 2008). 
O reúso pressurizado de águas cinzas não tratadas podem apresentar um risco à saúde do usuário, 
como por exemplo, o sistema que faz a extração da água cinza acumulada por meio de uma lavadora 
de alta pressão conectada a um barril. O contato dos aerossóis gerados pela lavadora de alta pressão 
nos olhos, boca e nariz do operador pode representar um risco de contaminação. Apesar do sistema 
apresentar um filtro em malha, o sistema não realiza a desinfecção da água. Uma alternativa, seria a 
inclusão de um clorador flutuante dentro do barril para a desinfecção da água cinza acumulada. 
Porém, isso exige, de modo geral, a lavagem do reservatório com hipoclorito de sódio e a troca 
periódica de pastilhas de cloro no flutuador. 
O sucesso do perfeito funcionamento dos sistemas de reúso de águas cinzas dependerá da manutenção 
do sistema. Uma vez instalado, o sistema torna-se responsabilidade do proprietário do imóvel ou 
condomínio para garantir que ele seja gerenciado em conformidade com as instruções do fabricante. 
O proprietário também deve garantir que o sistema de águas cinzas seja mantido em bom estado de 
funcionamento, em todos os momentos. Qualquer defeito deve ser corrigido tão logo torna-se 
aparente. 
Alguns sistemas de águas cinzas requerem manutenção regular, por exemplo, a limpeza semanal ou 
substituindo filtros, retirada de lodo, lavagem de reservatórios com hipoclorito de sódio em solução, 
desinfecção das tubulações de trechos inoperantes, desvio das águas cinzas dos sistemas de irrigação 
para o esgoto na estação chuvosa, entre outros. 
Os poluentes retidos nos sistemas produzem como resíduo o lodo, que possui um volume de massa 
variável de acordo com a vazão de efluente que foi tratado. A composição do lodo também é variável 
e pode possuir matéria orgânica, nutrientes, organismos patógenos e, também, metais pesados, 
produtos químicos orgânicos e ainda substancias toxicas. Cerca de 80% da sua composição é matéria 
orgânica e depois do tratamento adequado pode ser utilizado como fertilizante para o solo, também 
por haver a presença de nutrientes como o fosforo e nitrogênio, importantes na nutrição vegetal. Em 
geral o lodo seco não é considerado perigoso quanto a transmissão de doenças, porem a presença de 
ovos de helmintos exigirá um manuseio com mais cuidado. A presença de substancias toxicas em 
quantidades elevadas também não ocorre, uma vez que essas são oriundas de esgotos industriais. 
Realização da manutenção (por exemplo, limpeza de filtros, retirado do lodo etc) exige do dono da 
casa assegurar que a pessoa que desenvolvera a atividade tome cuidados básicos como: 
• Evitar o contato com a á



[CHUNK 3]
Fonte: ADASA
Arquivo: 09_adasa_reuso_aguas_cinzas.pdf
Título: Aproveitamento de Águas Pluviais e Reúso de Águas Cinzas
Página: 40
Categoria: manual_tecnico
Subcategoria: agua_reuso

Trecho:
Aproveitamento de águas pluviais e reúso de águas cinzas em edificações 
redução dos sólidos suspensos e da demanda bioquímica e química do oxigênio, contudo o tratamento 
pode ser preliminar, primário, secundário ou terciário. Para as classes de uso final considera-se que o 
tratamento secundário já garante a qualidade pretendida, conforme observado nos níveis de remoção 
resumidos na Tabela 8. 
Tabela 8: Remoção de poluentes da água de acordo com o tratamento 
Nível de tratamento 
Poluentes removidos 
Tratamento preliminar 
Remoção de sólidos grosseiros, gorduras e areia 
Tratamento primário 
Remoção de mais de 50% de DBO, SS e Coliformes. Baixa 
eficiência na remoção de vírus e protozoários, mas eficaz na 
remoção de bactérias e helmintos. 
Tratamento secundário 
Remoção de organismos patógenos, nutrientes (N e P) e 
sólidos suspensos e dissolvidos em torno de 90%. 
Tratamento terciário 
Remoção quase que completa de organismos patogênicos, 
alta eficiência na remoção de nutrientes. 
Fonte: Jordão, et al. (2014) 
A desinfecção é adicionada aos processos de tratamento para remover diversos patógenos como 
V. cholerae, S. typhi, E. coli, Giardia e ainda alguns vírus. Ela pode ser feita por processo químico 
ou físico, sendo o mais empregado a adição de cloro, cujo teor residual livre deve estar entre 0,5 e 
1,5 mg/L. Além deste pode ser utilizado também o peróxido de hidrogênio, ácido pera-cético, bromo, 
iodo e permanganato de potássio que constituem outros agentes químicos. Os agentes físicos, por sua 
vez, apresentam ação referenciada na energia de radiação, destacando-se a radiação UV, a radiação 
gama, radiação solar e, a nível domiciliar, a fervura. 
O nível de tratamento empregado sempre é definido pelo uso final pretendido e o tipo escolhido 
influenciará no custo final do processo. Diversas tecnologias, comercialmente disponíveis são 
lançadas no mercado baseando-se em processos naturais de depuração, empregando conceitos 
simples com técnicas sofisticadas para um ambiente controlado em que a eficiência é exponenciada. 
De acordo com a fonte de abastecimento pode ser recomendado a técnica de tratamento que alcançará 
a qualidade pretendida. A literatura internacional recomenda que fontes alternativas de água devem 
ser separadas e receber tratamento diferenciado, devido as diferenças na concentração dos poluentes 
presentes (WHO, 1997). 
Águas pluviais são comumente utilizadas para fins potáveis em diversos países apenas com o 
tratamento secundário, uma vez que essa fonte alternativa de água possui contaminantes em 
concentração muito baixa, o que permite a realização de tratamentos de alta eficiência. No entanto, 
seus benefícios são limitados, principalmente em relação à qualidade da água potável, pois a água 
pluvial é geralmente contaminada por poluentes naturais, como o sódio, o nitrô, o cálcio, o magnésio, 
o ferro, o cobre, o zinco, o magnésio, o ferro, o cobre, o zinco, o magnésio, o ferro, o cobre, o 
zinco, o magnésio, o ferro, o cobre, o zinco, o magnésio, o ferro, o cobre, o zinco, o magnésio, o 
ferro, o cobre, o zinco, o magnésio, o ferro, o cobre, o zinco, o magnésio, o ferro, o cobre, o zinco, o 
magnésio, o ferro, o cobre, o zinco, o magnésio,","[{'fonte': 'ADASA', 'arquivo': '09_adasa_reuso_aguas_cinzas.pdf', 'titulo': 'Aproveitamento de Águas Pluviais e Reúso de Águas Cinzas', 'pagina': 55}, {'fonte': 'ADASA', 'arquivo': '09_adasa_reuso_aguas_cinzas.pdf', 'titulo': 'Aproveitamento de Águas Pluviais e Reúso de Águas Cinzas', 'pagina': 62}, {'fonte': 'ADASA', 'arquivo': '09_adasa_reuso_aguas_cinzas.pdf', 'titulo': 'Aproveitamento de Águas Pluviais e Reúso de Águas Cinzas', 'pagina': 40}]"
Como um edifício pode atingir desempenho Net Zero Energy?,"assistant
Como um edifício pode atingir desempenho Net Zero Energy, é fundamental entender os principais elementos envolvidos:

1. **Consumo de Energia Local**: O primeiro passo para alcançar Net Zero Energy é garantir que o edifício não consume energia local. Isso significa que o edifício deve ser eficiente em termos de energia consumida.

2. **Eficiência Energética**: O segundo passo é garantir que o edifício seja eficiente em termos de energia consumida. Isso pode ser feito através de várias técnicas, como a utilização de fontes renováveis de energia, como o gás natural, o óleo diesel e o eletricidade.

3. **Geração de Energia Renovável**: O terceiro passo é garantir que a energia consumida seja gerada por fontes renováveis. Isso pode ser feito através de sistemas de geração solar, hidrelétrica, geotérmica e aliciadora.

4. **Combinação de Eficiência Energética e Geração de Energia Renovável**: O quarto passo é combinar","[{'fonte': 'GBC Brasil', 'arquivo': '01_gbc_zero_energy_guia.pdf', 'titulo': 'Guia Completo GBC Zero Energy', 'pagina': 10}, {'fonte': 'GBC Brasil', 'arquivo': '01_gbc_zero_energy_guia.pdf', 'titulo': 'Guia Completo GBC Zero Energy', 'pagina': 5}, {'fonte': 'GBC Brasil', 'arquivo': '01_gbc_zero_energy_guia.pdf', 'titulo': 'Guia Completo GBC Zero Energy', 'pagina': 8}]"
Qual é o papel dos sistemas fotovoltaicos em edifícios Net Zero?,"assistant
O papel dos sistemas fotovoltaicos em edifícios Net Zero é crucial para a eficiência energética e a redução da emissão de carbono. Aqui estão algumas informações relevantes:

1. **Eficiência Energética**: Os sistemas fotovoltaicos podem aumentar significativamente a eficiência energética dos edifícios Net Zero. Isso ocorre porque eles podem produzir energia de alta qualidade e eficiente, que pode ser usada para complementar a energia solar.

2. **Redução de Emissão de Carbono**: Aumentar a produção de energia fotovoltaica pode reduzir a emissão de carbono, especialmente se a energia for usada para fornecer energia elétrica. Isso é especialmente importante para edifícios que usam muita energia solar.

3. **Comunicação com a Rede**: Os sistemas fotovoltaicos podem fornecer uma comunicação eficiente com a rede elétrica, permitindo que a energia fotovoltaica seja usada de forma mais eficiente. Isso pode incluir a troca de energia entre o sistema fotovoltaico e a rede, ou a transferência de energia de energia solar para a","[{'fonte': 'GBC Brasil', 'arquivo': '01_gbc_zero_energy_guia.pdf', 'titulo': 'Guia Completo GBC Zero Energy', 'pagina': 5}, {'fonte': 'GBC Brasil', 'arquivo': '01_gbc_zero_energy_guia.pdf', 'titulo': 'Guia Completo GBC Zero Energy', 'pagina': 10}, {'fonte': 'PROCEL / Ministério de Minas e Energia', 'arquivo': '06_procel_eficiencia_edificios_publicos.pdf', 'titulo': 'Guia de Eficiência Energética em Edifícios Públicos', 'pagina': 202}]"
