numero,pergunta,resposta_com_rag,fontes_rag,resposta_sem_rag,analise_comparativa,qual_resposta_foi_melhor
1,O que significa um edifício Net Zero Energy?,"Um edifício Net Zero Energy é aquele cuja produção de energia renovável atinge o suficiente para suprir toda a sua demanda durante o ano, sem emissões de gases de efeito estufa significativas. Isso implica que, além de gerar energia suficiente através de fontes limpas, o edifício também deve minimizar a utilização de energia elétrica, implementando práticas eficientes de uso energético. (Fonte: GBC Brasil, página 5).",GBC Brasil | Guia Completo GBC Zero Energy | página 5 | arquivo: 01_gbc_zero_energy_guia.pdf || GBC Brasil | Guia Completo GBC Zero Energy | página 10 | arquivo: 01_gbc_zero_energy_guia.pdf,"Um edifício Net Zero Energy (NZE) é uma estrutura construída com tecnologias e práticas que produzem energia suficiente para suprir suas próprias necessidades durante todo o ano, ou seja, ele gera mais energia do que consome. Este conceito é amplamente utilizado no contexto de edifícios residenciais e comerciais, especialmente em ambientes urbanos onde a infraestrutura de distribuição de energia elétrica pode ser limitada.

Para atingir esse status, os edifícios NZE utilizam uma combinação de fontes renováveis de energia, como painéis solares fotovoltaicos, além de implementar medidas de economia de energia e eficiência energética. Isso inclui a otimização da iluminação natural, a instalação de sistemas de armazen","A resposta com RAG foi mais adequada porque apresentou fonte documental específica do GBC Brasil, permitindo rastrear a definição de Net Zero Energy no corpus. A resposta sem RAG pode até estar conceitualmente próxima, mas não apresenta comprovação documental.",Com RAG
2,Quais cuidados devem ser considerados no reúso de águas cinzas em edifícios?,"Cuidados devem ser considerados na instalação e manutenção adequada do sistema de reúso de águas cinzas em edifícios, especialmente quando se trata de sistemas pressurizados de águas cinzas não tratadas, que podem representar um risco à saúde do usuário devido aos aerossóis gerados durante a extração da água cinza. Além disso, é importante garantir padrões de qualidade e seguir critérios de instalação rigorosos para evitar problemas ambientais, como contaminação do solo ou corpos hídricos. (Fonte: ADASA, página 62)",ADASA | Aproveitamento de Águas Pluviais e Reúso de Águas Cinzas | página 55 | arquivo: 09_adasa_reuso_aguas_cinzas.pdf || ADASA | Aproveitamento de Águas Pluviais e Reúso de Águas Cinzas | página 62 | arquivo: 09_adasa_reuso_aguas_cinzas.pdf,"O reúso de águas cinzas (WC) em edifícios requer uma série de cuidados técnicos para garantir sua eficácia, segurança e sustentabilidade. Aqui estão alguns pontos importantes a serem considerados:

1. **Captura e Filtração**: As águas cinzas contêm resíduos orgânicos e metais pesados que precisam ser capturadas e filtradas antes de serem reutilizadas. O sistema deve incluir filtros adequados para remover partículas sólidas e microorganismos.

2. **Desinfecção**: É essencial desinfetar as águas cinzas para prevenir o crescimento de bactérias e fungos. Isso pode ser feito através do uso de cloro ou outros métodos químicos","A resposta com RAG foi mais confiável porque recuperou documentos técnicos sobre reúso de águas cinzas, citando fonte e página. A resposta sem RAG tende a ser mais genérica e pode omitir cuidados de manutenção, tratamento ou risco sanitário presentes no corpus.",Com RAG
3,Como certificações ambientais avaliam a eficiência energética de edifícios?,"Certificações ambientais como a GBC Zero Energy avaliam a eficiência energética de edifícios considerando duas categorias principais: Local (On Site) e Fora do Local (Off Site). No caso do Local, se 100% da energia elétrica necessária for gerada por energia renovável no próprio local, o edifício não precisa comprovar nenhuma eficiência energética mínima para obter a certificação. Para isso, basta apresentar um relatório de eficiência energética detalhando as ações implementadas. No entanto, se a energia renovável for comprada ou gerada fora do local, o edifício deve provar sua eficiência energética através de evidências específicas. (Fonte: GBC Brasil, Título: Guia Completo",GBC Brasil | Guia Completo GBC Zero Energy | página 11 | arquivo: 01_gbc_zero_energy_guia.pdf || GBC Brasil | Certificação LEED | página 1 | arquivo: 03_gbc_leed_certificacao.pdf,"Certificações ambientais avaliam a eficiência energética de edifícios considerando uma série de fatores técnicos e práticos que refletem o desempenho energético do imóvel. Esses critérios são estabelecidos por normas e padrões específicos para cada certificação, como LEED (Leadership in Energy and Environmental Design), BREEAM (Building Research Establishment Environmental Assessment Method) ou EDGE (Energy and Resources Efficiency Design Guide).

1. **Condição Inicial**: A avaliação começa com a condição inicial do edifício, incluindo sua localização geográfica, tipo de construção e características originais.

2. **Eficiência Energética da Construção**: Isolamento térmico, uso de materiais de baixo emissão de gás carbônico,","A resposta com RAG foi melhor por relacionar certificações ambientais aos documentos recuperados do corpus, como GBC Brasil e LEED. A resposta sem RAG pode explicar o tema de forma geral, mas sem rastreabilidade documental.",Com RAG
